TIME,GEO,LCSTRUCT,P_ADJ,UNIT,Value
2014S2,Belgium,Net remuneration in nominal terms / real terms,Nominal value,Euro,2 647.7
2014S2,Belgium,Net remuneration in nominal terms / real terms,Nominal value,Purchasing power standard (PPS),2 647.7
2014S2,Bulgaria,Net remuneration in nominal terms / real terms,Nominal value,Euro,547.40
2014S2,Bulgaria,Net remuneration in nominal terms / real terms,Nominal value,Purchasing power standard (PPS),993.20
2014S2,Czechia,Net remuneration in nominal terms / real terms,Nominal value,Euro,948.50
2014S2,Czechia,Net remuneration in nominal terms / real terms,Nominal value,Purchasing power standard (PPS),1 265.6
2014S2,Denmark,Net remuneration in nominal terms / real terms,Nominal value,Euro,2 515.6
2014S2,Denmark,Net remuneration in nominal terms / real terms,Nominal value,Purchasing power standard (PPS),1 891.5
2014S2,Germany,Net remuneration in nominal terms / real terms,Nominal value,Euro,3 654.3
2014S2,Germany,Net remuneration in nominal terms / real terms,Nominal value,Purchasing power standard (PPS),3 759.5
2014S2,Estonia,Net remuneration in nominal terms / real terms,Nominal value,Euro,1 699.7
2014S2,Estonia,Net remuneration in nominal terms / real terms,Nominal value,Purchasing power standard (PPS),2 162.5
2014S2,Ireland,Net remuneration in nominal terms / real terms,Nominal value,Euro,2 514.8
2014S2,Ireland,Net remuneration in nominal terms / real terms,Nominal value,Purchasing power standard (PPS),2 169.8
2014S2,Greece,Net remuneration in nominal terms / real terms,Nominal value,Euro,1 079.9
2014S2,Greece,Net remuneration in nominal terms / real terms,Nominal value,Purchasing power standard (PPS),1 244.1
2014S2,Spain,Net remuneration in nominal terms / real terms,Nominal value,Euro,2 527.3
2014S2,Spain,Net remuneration in nominal terms / real terms,Nominal value,Purchasing power standard (PPS),2 674.4
2014S2,France,Net remuneration in nominal terms / real terms,Nominal value,Euro,2 439.5
2014S2,France,Net remuneration in nominal terms / real terms,Nominal value,Purchasing power standard (PPS),2 088.7
2014S2,Croatia,Net remuneration in nominal terms / real terms,Nominal value,Euro,0.00
2014S2,Croatia,Net remuneration in nominal terms / real terms,Nominal value,Purchasing power standard (PPS),0.00
2014S2,Italy,Net remuneration in nominal terms / real terms,Nominal value,Euro,1 611.1
2014S2,Italy,Net remuneration in nominal terms / real terms,Nominal value,Purchasing power standard (PPS),1 604.7
2014S2,Cyprus,Net remuneration in nominal terms / real terms,Nominal value,Euro,2 152.8
2014S2,Cyprus,Net remuneration in nominal terms / real terms,Nominal value,Purchasing power standard (PPS),2 651.2
2014S2,Latvia,Net remuneration in nominal terms / real terms,Nominal value,Euro,1 067.4
2014S2,Latvia,Net remuneration in nominal terms / real terms,Nominal value,Purchasing power standard (PPS),1 395.3
2014S2,Lithuania,Net remuneration in nominal terms / real terms,Nominal value,Euro,778.50
2014S2,Lithuania,Net remuneration in nominal terms / real terms,Nominal value,Purchasing power standard (PPS),1 090.9
2014S2,Luxembourg,Net remuneration in nominal terms / real terms,Nominal value,Euro,5 466.7
2014S2,Luxembourg,Net remuneration in nominal terms / real terms,Nominal value,Purchasing power standard (PPS),5 466.7
2014S2,Hungary,Net remuneration in nominal terms / real terms,Nominal value,Euro,718.30
2014S2,Hungary,Net remuneration in nominal terms / real terms,Nominal value,Purchasing power standard (PPS),1 006.7
2014S2,Malta,Net remuneration in nominal terms / real terms,Nominal value,Euro,1 278.4
2014S2,Malta,Net remuneration in nominal terms / real terms,Nominal value,Purchasing power standard (PPS),1 532.9
2014S2,Netherlands,Net remuneration in nominal terms / real terms,Nominal value,Euro,2 419.4
2014S2,Netherlands,Net remuneration in nominal terms / real terms,Nominal value,Purchasing power standard (PPS),2 244.3
2014S2,Austria,Net remuneration in nominal terms / real terms,Nominal value,Euro,2 613.0
2014S2,Austria,Net remuneration in nominal terms / real terms,Nominal value,Purchasing power standard (PPS),2 437.5
2014S2,Poland,Net remuneration in nominal terms / real terms,Nominal value,Euro,845.20
2014S2,Poland,Net remuneration in nominal terms / real terms,Nominal value,Purchasing power standard (PPS),1 141.2
2014S2,Portugal,Net remuneration in nominal terms / real terms,Nominal value,Euro,1 528.7
2014S2,Portugal,Net remuneration in nominal terms / real terms,Nominal value,Purchasing power standard (PPS),1 859.7
2014S2,Romania,Net remuneration in nominal terms / real terms,Nominal value,Euro,0.00
2014S2,Romania,Net remuneration in nominal terms / real terms,Nominal value,Purchasing power standard (PPS),0.00
2014S2,Slovenia,Net remuneration in nominal terms / real terms,Nominal value,Euro,1 216.2
2014S2,Slovenia,Net remuneration in nominal terms / real terms,Nominal value,Purchasing power standard (PPS),1 435.9
2014S2,Slovakia,Net remuneration in nominal terms / real terms,Nominal value,Euro,954.80
2014S2,Slovakia,Net remuneration in nominal terms / real terms,Nominal value,Purchasing power standard (PPS),1 208.6
2014S2,Finland,Net remuneration in nominal terms / real terms,Nominal value,Euro,0.00
2014S2,Finland,Net remuneration in nominal terms / real terms,Nominal value,Purchasing power standard (PPS),0.00
2014S2,Sweden,Net remuneration in nominal terms / real terms,Nominal value,Euro,2 725.1
2014S2,Sweden,Net remuneration in nominal terms / real terms,Nominal value,Purchasing power standard (PPS),2 136.4
2014S2,United Kingdom,Net remuneration in nominal terms / real terms,Nominal value,Euro,2 230.7
2014S2,United Kingdom,Net remuneration in nominal terms / real terms,Nominal value,Purchasing power standard (PPS),1 480.4
2015S2,Belgium,Net remuneration in nominal terms / real terms,Nominal value,Euro,2 673.6
2015S2,Belgium,Net remuneration in nominal terms / real terms,Nominal value,Purchasing power standard (PPS),2 673.6
2015S2,Bulgaria,Net remuneration in nominal terms / real terms,Nominal value,Euro,557.00
2015S2,Bulgaria,Net remuneration in nominal terms / real terms,Nominal value,Purchasing power standard (PPS),1 068.1
2015S2,Czechia,Net remuneration in nominal terms / real terms,Nominal value,Euro,988.70
2015S2,Czechia,Net remuneration in nominal terms / real terms,Nominal value,Purchasing power standard (PPS),1 346.4
2015S2,Denmark,Net remuneration in nominal terms / real terms,Nominal value,Euro,2 517.2
2015S2,Denmark,Net remuneration in nominal terms / real terms,Nominal value,Purchasing power standard (PPS),1 909.1
2015S2,Germany,Net remuneration in nominal terms / real terms,Nominal value,Euro,3 735.6
2015S2,Germany,Net remuneration in nominal terms / real terms,Nominal value,Purchasing power standard (PPS),3 867.1
2015S2,Estonia,Net remuneration in nominal terms / real terms,Nominal value,Euro,1 807.1
2015S2,Estonia,Net remuneration in nominal terms / real terms,Nominal value,Purchasing power standard (PPS),2 316.9
2015S2,Ireland,Net remuneration in nominal terms / real terms,Nominal value,Euro,1 308.6
2015S2,Ireland,Net remuneration in nominal terms / real terms,Nominal value,Purchasing power standard (PPS),1 122.3
2015S2,Greece,Net remuneration in nominal terms / real terms,Nominal value,Euro,1 081.6
2015S2,Greece,Net remuneration in nominal terms / real terms,Nominal value,Purchasing power standard (PPS),1 353.7
2015S2,Spain,Net remuneration in nominal terms / real terms,Nominal value,Euro,2 568.5
2015S2,Spain,Net remuneration in nominal terms / real terms,Nominal value,Purchasing power standard (PPS),2 847.6
2015S2,France,Net remuneration in nominal terms / real terms,Nominal value,Euro,2 759.4
2015S2,France,Net remuneration in nominal terms / real terms,Nominal value,Purchasing power standard (PPS),2 407.9
2015S2,Croatia,Net remuneration in nominal terms / real terms,Nominal value,Euro,0.00
2015S2,Croatia,Net remuneration in nominal terms / real terms,Nominal value,Purchasing power standard (PPS),0.00
2015S2,Italy,Net remuneration in nominal terms / real terms,Nominal value,Euro,1 618.9
2015S2,Italy,Net remuneration in nominal terms / real terms,Nominal value,Purchasing power standard (PPS),1 628.7
2015S2,Cyprus,Net remuneration in nominal terms / real terms,Nominal value,Euro,2 136.3
2015S2,Cyprus,Net remuneration in nominal terms / real terms,Nominal value,Purchasing power standard (PPS),2 763.6
2015S2,Latvia,Net remuneration in nominal terms / real terms,Nominal value,Euro,1 190.0
2015S2,Latvia,Net remuneration in nominal terms / real terms,Nominal value,Purchasing power standard (PPS),1 603.7
2015S2,Lithuania,Net remuneration in nominal terms / real terms,Nominal value,Euro,806.00
2015S2,Lithuania,Net remuneration in nominal terms / real terms,Nominal value,Purchasing power standard (PPS),1 168.1
2015S2,Luxembourg,Net remuneration in nominal terms / real terms,Nominal value,Euro,5 622.8
2015S2,Luxembourg,Net remuneration in nominal terms / real terms,Nominal value,Purchasing power standard (PPS),5 622.8
2015S2,Hungary,Net remuneration in nominal terms / real terms,Nominal value,Euro,763.80
2015S2,Hungary,Net remuneration in nominal terms / real terms,Nominal value,Purchasing power standard (PPS),1 107.6
2015S2,Malta,Net remuneration in nominal terms / real terms,Nominal value,Euro,1 306.8
2015S2,Malta,Net remuneration in nominal terms / real terms,Nominal value,Purchasing power standard (PPS),1 546.5
2015S2,Netherlands,Net remuneration in nominal terms / real terms,Nominal value,Euro,2 457.8
2015S2,Netherlands,Net remuneration in nominal terms / real terms,Nominal value,Purchasing power standard (PPS),2 280.0
2015S2,Austria,Net remuneration in nominal terms / real terms,Nominal value,Euro,2 643.1
2015S2,Austria,Net remuneration in nominal terms / real terms,Nominal value,Purchasing power standard (PPS),2 495.8
2015S2,Poland,Net remuneration in nominal terms / real terms,Nominal value,Euro,852.80
2015S2,Poland,Net remuneration in nominal terms / real terms,Nominal value,Purchasing power standard (PPS),1 188.4
2015S2,Portugal,Net remuneration in nominal terms / real terms,Nominal value,Euro,1 467.1
2015S2,Portugal,Net remuneration in nominal terms / real terms,Nominal value,Purchasing power standard (PPS),1 852.5
2015S2,Romania,Net remuneration in nominal terms / real terms,Nominal value,Euro,390.90
2015S2,Romania,Net remuneration in nominal terms / real terms,Nominal value,Purchasing power standard (PPS),603.40
2015S2,Slovenia,Net remuneration in nominal terms / real terms,Nominal value,Euro,1 412.4
2015S2,Slovenia,Net remuneration in nominal terms / real terms,Nominal value,Purchasing power standard (PPS),1 739.4
2015S2,Slovakia,Net remuneration in nominal terms / real terms,Nominal value,Euro,968.10
2015S2,Slovakia,Net remuneration in nominal terms / real terms,Nominal value,Purchasing power standard (PPS),1 267.1
2015S2,Finland,Net remuneration in nominal terms / real terms,Nominal value,Euro,3 205.5
2015S2,Finland,Net remuneration in nominal terms / real terms,Nominal value,Purchasing power standard (PPS),2 677.9
2015S2,Sweden,Net remuneration in nominal terms / real terms,Nominal value,Euro,2 901.2
2015S2,Sweden,Net remuneration in nominal terms / real terms,Nominal value,Purchasing power standard (PPS),2 267.3
2015S2,United Kingdom,Net remuneration in nominal terms / real terms,Nominal value,Euro,2 521.7
2015S2,United Kingdom,Net remuneration in nominal terms / real terms,Nominal value,Purchasing power standard (PPS),1 511.5
2016S2,Belgium,Net remuneration in nominal terms / real terms,Nominal value,Euro,2 756.1
2016S2,Belgium,Net remuneration in nominal terms / real terms,Nominal value,Purchasing power standard (PPS),2 756.1
2016S2,Bulgaria,Net remuneration in nominal terms / real terms,Nominal value,Euro,577.80
2016S2,Bulgaria,Net remuneration in nominal terms / real terms,Nominal value,Purchasing power standard (PPS),1 130.6
2016S2,Czechia,Net remuneration in nominal terms / real terms,Nominal value,Euro,1 356.0
2016S2,Czechia,Net remuneration in nominal terms / real terms,Nominal value,Purchasing power standard (PPS),1 852.8
2016S2,Denmark,Net remuneration in nominal terms / real terms,Nominal value,Euro,2 544.5
2016S2,Denmark,Net remuneration in nominal terms / real terms,Nominal value,Purchasing power standard (PPS),1 912.5
2016S2,Germany,Net remuneration in nominal terms / real terms,Nominal value,Euro,3 782.5
2016S2,Germany,Net remuneration in nominal terms / real terms,Nominal value,Purchasing power standard (PPS),3 936.0
2016S2,Estonia,Net remuneration in nominal terms / real terms,Nominal value,Euro,2 046.7
2016S2,Estonia,Net remuneration in nominal terms / real terms,Nominal value,Purchasing power standard (PPS),2 637.5
2016S2,Ireland,Net remuneration in nominal terms / real terms,Nominal value,Euro,2 735.8
2016S2,Ireland,Net remuneration in nominal terms / real terms,Nominal value,Purchasing power standard (PPS),2 312.6
2016S2,Greece,Net remuneration in nominal terms / real terms,Nominal value,Euro,1 081.6
2016S2,Greece,Net remuneration in nominal terms / real terms,Nominal value,Purchasing power standard (PPS),1 364.0
2016S2,Spain,Net remuneration in nominal terms / real terms,Nominal value,Euro,2 700.9
2016S2,Spain,Net remuneration in nominal terms / real terms,Nominal value,Purchasing power standard (PPS),3 065.7
2016S2,France,Net remuneration in nominal terms / real terms,Nominal value,Euro,2 769.1
2016S2,France,Net remuneration in nominal terms / real terms,Nominal value,Purchasing power standard (PPS),2 433.3
2016S2,Croatia,Net remuneration in nominal terms / real terms,Nominal value,Euro,0.00
2016S2,Croatia,Net remuneration in nominal terms / real terms,Nominal value,Purchasing power standard (PPS),0.00
2016S2,Italy,Net remuneration in nominal terms / real terms,Nominal value,Euro,1 620.9
2016S2,Italy,Net remuneration in nominal terms / real terms,Nominal value,Purchasing power standard (PPS),1 655.7
2016S2,Cyprus,Net remuneration in nominal terms / real terms,Nominal value,Euro,2 135.5
2016S2,Cyprus,Net remuneration in nominal terms / real terms,Nominal value,Purchasing power standard (PPS),2 874.1
2016S2,Latvia,Net remuneration in nominal terms / real terms,Nominal value,Euro,1 266.9
2016S2,Latvia,Net remuneration in nominal terms / real terms,Nominal value,Purchasing power standard (PPS),1 735.5
2016S2,Lithuania,Net remuneration in nominal terms / real terms,Nominal value,Euro,841.10
2016S2,Lithuania,Net remuneration in nominal terms / real terms,Nominal value,Purchasing power standard (PPS),1 206.7
2016S2,Luxembourg,Net remuneration in nominal terms / real terms,Nominal value,Euro,5 627.2
2016S2,Luxembourg,Net remuneration in nominal terms / real terms,Nominal value,Purchasing power standard (PPS),5 627.2
2016S2,Hungary,Net remuneration in nominal terms / real terms,Nominal value,Euro,777.50
2016S2,Hungary,Net remuneration in nominal terms / real terms,Nominal value,Purchasing power standard (PPS),1 110.2
2016S2,Malta,Net remuneration in nominal terms / real terms,Nominal value,Euro,1 343.4
2016S2,Malta,Net remuneration in nominal terms / real terms,Nominal value,Purchasing power standard (PPS),1 567.6
2016S2,Netherlands,Net remuneration in nominal terms / real terms,Nominal value,Euro,2 618.5
2016S2,Netherlands,Net remuneration in nominal terms / real terms,Nominal value,Purchasing power standard (PPS),2 424.6
2016S2,Austria,Net remuneration in nominal terms / real terms,Nominal value,Euro,2 606.3
2016S2,Austria,Net remuneration in nominal terms / real terms,Nominal value,Purchasing power standard (PPS),2 489.3
2016S2,Poland,Net remuneration in nominal terms / real terms,Nominal value,Euro,855.10
2016S2,Poland,Net remuneration in nominal terms / real terms,Nominal value,Purchasing power standard (PPS),1 282.9
2016S2,Portugal,Net remuneration in nominal terms / real terms,Nominal value,Euro,1 505.1
2016S2,Portugal,Net remuneration in nominal terms / real terms,Nominal value,Purchasing power standard (PPS),1 867.3
2016S2,Romania,Net remuneration in nominal terms / real terms,Nominal value,Euro,387.80
2016S2,Romania,Net remuneration in nominal terms / real terms,Nominal value,Purchasing power standard (PPS),607.80
2016S2,Slovenia,Net remuneration in nominal terms / real terms,Nominal value,Euro,1 486.3
2016S2,Slovenia,Net remuneration in nominal terms / real terms,Nominal value,Purchasing power standard (PPS),1 841.7
2016S2,Slovakia,Net remuneration in nominal terms / real terms,Nominal value,Euro,1 069.9
2016S2,Slovakia,Net remuneration in nominal terms / real terms,Nominal value,Purchasing power standard (PPS),1 413.3
2016S2,Finland,Net remuneration in nominal terms / real terms,Nominal value,Euro,3 221.4
2016S2,Finland,Net remuneration in nominal terms / real terms,Nominal value,Purchasing power standard (PPS),2 716.2
2016S2,Sweden,Net remuneration in nominal terms / real terms,Nominal value,Euro,2 963.8
2016S2,Sweden,Net remuneration in nominal terms / real terms,Nominal value,Purchasing power standard (PPS),2 325.4
2016S2,United Kingdom,Net remuneration in nominal terms / real terms,Nominal value,Euro,2 149.5
2016S2,United Kingdom,Net remuneration in nominal terms / real terms,Nominal value,Purchasing power standard (PPS),1 515.3
2017S2,Belgium,Net remuneration in nominal terms / real terms,Nominal value,Euro,2 807.4
2017S2,Belgium,Net remuneration in nominal terms / real terms,Nominal value,Purchasing power standard (PPS),2 807.4
2017S2,Bulgaria,Net remuneration in nominal terms / real terms,Nominal value,Euro,604.70
2017S2,Bulgaria,Net remuneration in nominal terms / real terms,Nominal value,Purchasing power standard (PPS),1 132.9
2017S2,Czechia,Net remuneration in nominal terms / real terms,Nominal value,Euro,1 545.7
2017S2,Czechia,Net remuneration in nominal terms / real terms,Nominal value,Purchasing power standard (PPS),1 973.4
2017S2,Denmark,Net remuneration in nominal terms / real terms,Nominal value,Euro,3 509.3
2017S2,Denmark,Net remuneration in nominal terms / real terms,Nominal value,Purchasing power standard (PPS),2 621.4
2017S2,Germany,Net remuneration in nominal terms / real terms,Nominal value,Euro,3 933.7
2017S2,Germany,Net remuneration in nominal terms / real terms,Nominal value,Purchasing power standard (PPS),4 034.5
2017S2,Estonia,Net remuneration in nominal terms / real terms,Nominal value,Euro,2 055.1
2017S2,Estonia,Net remuneration in nominal terms / real terms,Nominal value,Purchasing power standard (PPS),2 559.3
2017S2,Ireland,Net remuneration in nominal terms / real terms,Nominal value,Euro,2 838.8
2017S2,Ireland,Net remuneration in nominal terms / real terms,Nominal value,Purchasing power standard (PPS),2 369.6
2017S2,Greece,Net remuneration in nominal terms / real terms,Nominal value,Euro,1 021.3
2017S2,Greece,Net remuneration in nominal terms / real terms,Nominal value,Purchasing power standard (PPS),1 278.2
2017S2,Spain,Net remuneration in nominal terms / real terms,Nominal value,Euro,2 750.7
2017S2,Spain,Net remuneration in nominal terms / real terms,Nominal value,Purchasing power standard (PPS),3 101.2
2017S2,France,Net remuneration in nominal terms / real terms,Nominal value,Euro,2 893.1
2017S2,France,Net remuneration in nominal terms / real terms,Nominal value,Purchasing power standard (PPS),2 520.1
2017S2,Croatia,Net remuneration in nominal terms / real terms,Nominal value,Euro,901.40
2017S2,Croatia,Net remuneration in nominal terms / real terms,Nominal value,Purchasing power standard (PPS),1 203.2
2017S2,Italy,Net remuneration in nominal terms / real terms,Nominal value,Euro,1 630.3
2017S2,Italy,Net remuneration in nominal terms / real terms,Nominal value,Purchasing power standard (PPS),1 675.5
2017S2,Cyprus,Net remuneration in nominal terms / real terms,Nominal value,Euro,2 166.6
2017S2,Cyprus,Net remuneration in nominal terms / real terms,Nominal value,Purchasing power standard (PPS),2 912.1
2017S2,Latvia,Net remuneration in nominal terms / real terms,Nominal value,Euro,1 242.8
2017S2,Latvia,Net remuneration in nominal terms / real terms,Nominal value,Purchasing power standard (PPS),1 659.2
2017S2,Lithuania,Net remuneration in nominal terms / real terms,Nominal value,Euro,887.60
2017S2,Lithuania,Net remuneration in nominal terms / real terms,Nominal value,Purchasing power standard (PPS),1 194.6
2017S2,Luxembourg,Net remuneration in nominal terms / real terms,Nominal value,Euro,5 885.6
2017S2,Luxembourg,Net remuneration in nominal terms / real terms,Nominal value,Purchasing power standard (PPS),5 885.6
2017S2,Hungary,Net remuneration in nominal terms / real terms,Nominal value,Euro,896.00
2017S2,Hungary,Net remuneration in nominal terms / real terms,Nominal value,Purchasing power standard (PPS),1 202.2
2017S2,Malta,Net remuneration in nominal terms / real terms,Nominal value,Euro,1 372.1
2017S2,Malta,Net remuneration in nominal terms / real terms,Nominal value,Purchasing power standard (PPS),1 586.2
2017S2,Netherlands,Net remuneration in nominal terms / real terms,Nominal value,Euro,2 591.7
2017S2,Netherlands,Net remuneration in nominal terms / real terms,Nominal value,Purchasing power standard (PPS),2 393.1
2017S2,Austria,Net remuneration in nominal terms / real terms,Nominal value,Euro,2 650.9
2017S2,Austria,Net remuneration in nominal terms / real terms,Nominal value,Purchasing power standard (PPS),2 493.8
2017S2,Poland,Net remuneration in nominal terms / real terms,Nominal value,Euro,925.00
2017S2,Poland,Net remuneration in nominal terms / real terms,Nominal value,Purchasing power standard (PPS),1 310.1
2017S2,Portugal,Net remuneration in nominal terms / real terms,Nominal value,Euro,1 540.2
2017S2,Portugal,Net remuneration in nominal terms / real terms,Nominal value,Purchasing power standard (PPS),1 869.2
2017S2,Romania,Net remuneration in nominal terms / real terms,Nominal value,Euro,383.60
2017S2,Romania,Net remuneration in nominal terms / real terms,Nominal value,Purchasing power standard (PPS),600.30
2017S2,Slovenia,Net remuneration in nominal terms / real terms,Nominal value,Euro,1 518.4
2017S2,Slovenia,Net remuneration in nominal terms / real terms,Nominal value,Purchasing power standard (PPS),1 863.0
2017S2,Slovakia,Net remuneration in nominal terms / real terms,Nominal value,Euro,1 115.0
2017S2,Slovakia,Net remuneration in nominal terms / real terms,Nominal value,Purchasing power standard (PPS),1 442.5
2017S2,Finland,Net remuneration in nominal terms / real terms,Nominal value,Euro,3 246.5
2017S2,Finland,Net remuneration in nominal terms / real terms,Nominal value,Purchasing power standard (PPS),2 707.6
2017S2,Sweden,Net remuneration in nominal terms / real terms,Nominal value,Euro,2 882.6
2017S2,Sweden,Net remuneration in nominal terms / real terms,Nominal value,Purchasing power standard (PPS),2 252.8
2017S2,United Kingdom,Net remuneration in nominal terms / real terms,Nominal value,Euro,2 283.8
2017S2,United Kingdom,Net remuneration in nominal terms / real terms,Nominal value,Purchasing power standard (PPS),1 710.2
2018S2,Belgium,Net remuneration in nominal terms / real terms,Nominal value,Euro,2 821.8
2018S2,Belgium,Net remuneration in nominal terms / real terms,Nominal value,Purchasing power standard (PPS),2 821.8
2018S2,Bulgaria,Net remuneration in nominal terms / real terms,Nominal value,Euro,731.20
2018S2,Bulgaria,Net remuneration in nominal terms / real terms,Nominal value,Purchasing power standard (PPS),1 324.4
2018S2,Czechia,Net remuneration in nominal terms / real terms,Nominal value,Euro,1 740.0
2018S2,Czechia,Net remuneration in nominal terms / real terms,Nominal value,Purchasing power standard (PPS),2 097.4
2018S2,Denmark,Net remuneration in nominal terms / real terms,Nominal value,Euro,3 627.3
2018S2,Denmark,Net remuneration in nominal terms / real terms,Nominal value,Purchasing power standard (PPS),2 749.4
2018S2,Germany,Net remuneration in nominal terms / real terms,Nominal value,Euro,4 045.9
2018S2,Germany,Net remuneration in nominal terms / real terms,Nominal value,Purchasing power standard (PPS),4 074.5
2018S2,Estonia,Net remuneration in nominal terms / real terms,Nominal value,Euro,2 144.8
2018S2,Estonia,Net remuneration in nominal terms / real terms,Nominal value,Purchasing power standard (PPS),2 609.2
2018S2,Ireland,Net remuneration in nominal terms / real terms,Nominal value,Euro,2 943.3
2018S2,Ireland,Net remuneration in nominal terms / real terms,Nominal value,Purchasing power standard (PPS),2 500.7
2018S2,Greece,Net remuneration in nominal terms / real terms,Nominal value,Euro,1 006.4
2018S2,Greece,Net remuneration in nominal terms / real terms,Nominal value,Purchasing power standard (PPS),1 230.3
2018S2,Spain,Net remuneration in nominal terms / real terms,Nominal value,Euro,2 725.3
2018S2,Spain,Net remuneration in nominal terms / real terms,Nominal value,Purchasing power standard (PPS),2 972.0
2018S2,France,Net remuneration in nominal terms / real terms,Nominal value,Euro,2 355.5
2018S2,France,Net remuneration in nominal terms / real terms,Nominal value,Purchasing power standard (PPS),2 018.5
2018S2,Croatia,Net remuneration in nominal terms / real terms,Nominal value,Euro,957.10
2018S2,Croatia,Net remuneration in nominal terms / real terms,Nominal value,Purchasing power standard (PPS),1 253.2
2018S2,Italy,Net remuneration in nominal terms / real terms,Nominal value,Euro,1 692.6
2018S2,Italy,Net remuneration in nominal terms / real terms,Nominal value,Purchasing power standard (PPS),1 754.0
2018S2,Cyprus,Net remuneration in nominal terms / real terms,Nominal value,Euro,2 252.4
2018S2,Cyprus,Net remuneration in nominal terms / real terms,Nominal value,Purchasing power standard (PPS),2 891.4
2018S2,Latvia,Net remuneration in nominal terms / real terms,Nominal value,Euro,1 133.0
2018S2,Latvia,Net remuneration in nominal terms / real terms,Nominal value,Purchasing power standard (PPS),1 460.0
2018S2,Lithuania,Net remuneration in nominal terms / real terms,Nominal value,Euro,918.00
2018S2,Lithuania,Net remuneration in nominal terms / real terms,Nominal value,Purchasing power standard (PPS),1 247.3
2018S2,Luxembourg,Net remuneration in nominal terms / real terms,Nominal value,Euro,5 979.5
2018S2,Luxembourg,Net remuneration in nominal terms / real terms,Nominal value,Purchasing power standard (PPS),5 979.5
2018S2,Hungary,Net remuneration in nominal terms / real terms,Nominal value,Euro,878.10
2018S2,Hungary,Net remuneration in nominal terms / real terms,Nominal value,Purchasing power standard (PPS),1 220.7
2018S2,Malta,Net remuneration in nominal terms / real terms,Nominal value,Euro,1 413.3
2018S2,Malta,Net remuneration in nominal terms / real terms,Nominal value,Purchasing power standard (PPS),1 566.8
2018S2,Netherlands,Net remuneration in nominal terms / real terms,Nominal value,Euro,2 664.6
2018S2,Netherlands,Net remuneration in nominal terms / real terms,Nominal value,Purchasing power standard (PPS),2 424.6
2018S2,Austria,Net remuneration in nominal terms / real terms,Nominal value,Euro,2 710.9
2018S2,Austria,Net remuneration in nominal terms / real terms,Nominal value,Purchasing power standard (PPS),2 550.2
2018S2,Poland,Net remuneration in nominal terms / real terms,Nominal value,Euro,912.30
2018S2,Poland,Net remuneration in nominal terms / real terms,Nominal value,Purchasing power standard (PPS),1 330.0
2018S2,Portugal,Net remuneration in nominal terms / real terms,Nominal value,Euro,1 552.3
2018S2,Portugal,Net remuneration in nominal terms / real terms,Nominal value,Purchasing power standard (PPS),1 811.3
2018S2,Romania,Net remuneration in nominal terms / real terms,Nominal value,Euro,376.70
2018S2,Romania,Net remuneration in nominal terms / real terms,Nominal value,Purchasing power standard (PPS),588.20
2018S2,Slovenia,Net remuneration in nominal terms / real terms,Nominal value,Euro,1 552.1
2018S2,Slovenia,Net remuneration in nominal terms / real terms,Nominal value,Purchasing power standard (PPS),1 834.6
2018S2,Slovakia,Net remuneration in nominal terms / real terms,Nominal value,Euro,1 267.9
2018S2,Slovakia,Net remuneration in nominal terms / real terms,Nominal value,Purchasing power standard (PPS),1 615.1
2018S2,Finland,Net remuneration in nominal terms / real terms,Nominal value,Euro,3 323.1
2018S2,Finland,Net remuneration in nominal terms / real terms,Nominal value,Purchasing power standard (PPS),2 804.3
2018S2,Sweden,Net remuneration in nominal terms / real terms,Nominal value,Euro,2 777.8
2018S2,Sweden,Net remuneration in nominal terms / real terms,Nominal value,Purchasing power standard (PPS),2 277.3
2018S2,United Kingdom,Net remuneration in nominal terms / real terms,Nominal value,Euro,2 316.0
2018S2,United Kingdom,Net remuneration in nominal terms / real terms,Nominal value,Purchasing power standard (PPS),1 719.9
2019S2,Belgium,Net remuneration in nominal terms / real terms,Nominal value,Euro,2 867.2
2019S2,Belgium,Net remuneration in nominal terms / real terms,Nominal value,Purchasing power standard (PPS),2 867.2
2019S2,Bulgaria,Net remuneration in nominal terms / real terms,Nominal value,Euro,785.80
2019S2,Bulgaria,Net remuneration in nominal terms / real terms,Nominal value,Purchasing power standard (PPS),1 423.1
2019S2,Czechia,Net remuneration in nominal terms / real terms,Nominal value,Euro,1 796.1
2019S2,Czechia,Net remuneration in nominal terms / real terms,Nominal value,Purchasing power standard (PPS),2 117.5
2019S2,Denmark,Net remuneration in nominal terms / real terms,Nominal value,Euro,3 667.2
2019S2,Denmark,Net remuneration in nominal terms / real terms,Nominal value,Purchasing power standard (PPS),2 784.6
2019S2,Germany,Net remuneration in nominal terms / real terms,Nominal value,Euro,4 176.1
2019S2,Germany,Net remuneration in nominal terms / real terms,Nominal value,Purchasing power standard (PPS),4 205.5
2019S2,Estonia,Net remuneration in nominal terms / real terms,Nominal value,Euro,2 386.9
2019S2,Estonia,Net remuneration in nominal terms / real terms,Nominal value,Purchasing power standard (PPS),2 903.8
2019S2,Ireland,Net remuneration in nominal terms / real terms,Nominal value,Euro,2 943.3
2019S2,Ireland,Net remuneration in nominal terms / real terms,Nominal value,Purchasing power standard (PPS),2 500.7
2019S2,Greece,Net remuneration in nominal terms / real terms,Nominal value,Euro,1 011.8
2019S2,Greece,Net remuneration in nominal terms / real terms,Nominal value,Purchasing power standard (PPS),1 236.9
2019S2,Spain,Net remuneration in nominal terms / real terms,Nominal value,Euro,2 805.3
2019S2,Spain,Net remuneration in nominal terms / real terms,Nominal value,Purchasing power standard (PPS),3 059.3
2019S2,France,Net remuneration in nominal terms / real terms,Nominal value,Euro,2 396.0
2019S2,France,Net remuneration in nominal terms / real terms,Nominal value,Purchasing power standard (PPS),2 053.1
2019S2,Croatia,Net remuneration in nominal terms / real terms,Nominal value,Euro,955.30
2019S2,Croatia,Net remuneration in nominal terms / real terms,Nominal value,Purchasing power standard (PPS),1 253.2
2019S2,Italy,Net remuneration in nominal terms / real terms,Nominal value,Euro,1 705.3
2019S2,Italy,Net remuneration in nominal terms / real terms,Nominal value,Purchasing power standard (PPS),1 767.2
2019S2,Cyprus,Net remuneration in nominal terms / real terms,Nominal value,Euro,2 335.4
2019S2,Cyprus,Net remuneration in nominal terms / real terms,Nominal value,Purchasing power standard (PPS),2 997.9
2019S2,Latvia,Net remuneration in nominal terms / real terms,Nominal value,Euro,1 174.2
2019S2,Latvia,Net remuneration in nominal terms / real terms,Nominal value,Purchasing power standard (PPS),1 513.2
2019S2,Lithuania,Net remuneration in nominal terms / real terms,Nominal value,Euro,918.00
2019S2,Lithuania,Net remuneration in nominal terms / real terms,Nominal value,Purchasing power standard (PPS),1 247.3
2019S2,Luxembourg,Net remuneration in nominal terms / real terms,Nominal value,Euro,6 154.1
2019S2,Luxembourg,Net remuneration in nominal terms / real terms,Nominal value,Purchasing power standard (PPS),6 154.1
2019S2,Hungary,Net remuneration in nominal terms / real terms,Nominal value,Euro,890.30
2019S2,Hungary,Net remuneration in nominal terms / real terms,Nominal value,Purchasing power standard (PPS),1 220.7
2019S2,Malta,Net remuneration in nominal terms / real terms,Nominal value,Euro,1 413.3
2019S2,Malta,Net remuneration in nominal terms / real terms,Nominal value,Purchasing power standard (PPS),1 566.8
2019S2,Netherlands,Net remuneration in nominal terms / real terms,Nominal value,Euro,2 759.5
2019S2,Netherlands,Net remuneration in nominal terms / real terms,Nominal value,Purchasing power standard (PPS),2 510.9
2019S2,Austria,Net remuneration in nominal terms / real terms,Nominal value,Euro,2 774.7
2019S2,Austria,Net remuneration in nominal terms / real terms,Nominal value,Purchasing power standard (PPS),2 610.3
2019S2,Poland,Net remuneration in nominal terms / real terms,Nominal value,Euro,950.50
2019S2,Poland,Net remuneration in nominal terms / real terms,Nominal value,Purchasing power standard (PPS),1 350.3
2019S2,Portugal,Net remuneration in nominal terms / real terms,Nominal value,Euro,1 579.5
2019S2,Portugal,Net remuneration in nominal terms / real terms,Nominal value,Purchasing power standard (PPS),1 843.0
2019S2,Romania,Net remuneration in nominal terms / real terms,Nominal value,Euro,371.60
2019S2,Romania,Net remuneration in nominal terms / real terms,Nominal value,Purchasing power standard (PPS),588.20
2019S2,Slovenia,Net remuneration in nominal terms / real terms,Nominal value,Euro,1 646.6
2019S2,Slovenia,Net remuneration in nominal terms / real terms,Nominal value,Purchasing power standard (PPS),1 946.4
2019S2,Slovakia,Net remuneration in nominal terms / real terms,Nominal value,Euro,1 454.8
2019S2,Slovakia,Net remuneration in nominal terms / real terms,Nominal value,Purchasing power standard (PPS),1 853.2
2019S2,Finland,Net remuneration in nominal terms / real terms,Nominal value,Euro,3 473.2
2019S2,Finland,Net remuneration in nominal terms / real terms,Nominal value,Purchasing power standard (PPS),2 930.9
2019S2,Sweden,Net remuneration in nominal terms / real terms,Nominal value,Euro,2 846.4
2019S2,Sweden,Net remuneration in nominal terms / real terms,Nominal value,Purchasing power standard (PPS),2 362.7
2019S2,United Kingdom,Net remuneration in nominal terms / real terms,Nominal value,Euro,2 378.9
2019S2,United Kingdom,Net remuneration in nominal terms / real terms,Nominal value,Purchasing power standard (PPS),1 784.8
2020S2,Belgium,Net remuneration in nominal terms / real terms,Nominal value,Euro,2 921.8
2020S2,Belgium,Net remuneration in nominal terms / real terms,Nominal value,Purchasing power standard (PPS),2 921.8
2020S2,Bulgaria,Net remuneration in nominal terms / real terms,Nominal value,Euro,828.00
2020S2,Bulgaria,Net remuneration in nominal terms / real terms,Nominal value,Purchasing power standard (PPS),1 464.1
2020S2,Czechia,Net remuneration in nominal terms / real terms,Nominal value,Euro,1 753.8
2020S2,Czechia,Net remuneration in nominal terms / real terms,Nominal value,Purchasing power standard (PPS),2 443.5
2020S2,Denmark,Net remuneration in nominal terms / real terms,Nominal value,Euro,3 751.0
2020S2,Denmark,Net remuneration in nominal terms / real terms,Nominal value,Purchasing power standard (PPS),2 825.3
2020S2,Germany,Net remuneration in nominal terms / real terms,Nominal value,Euro,4 282.1
2020S2,Germany,Net remuneration in nominal terms / real terms,Nominal value,Purchasing power standard (PPS),4 231.3
2020S2,Estonia,Net remuneration in nominal terms / real terms,Nominal value,Euro,2 399.7
2020S2,Estonia,Net remuneration in nominal terms / real terms,Nominal value,Purchasing power standard (PPS),2 819.9
2020S2,Ireland,Net remuneration in nominal terms / real terms,Nominal value,Euro,2 860.0
2020S2,Ireland,Net remuneration in nominal terms / real terms,Nominal value,Purchasing power standard (PPS),2 369.5
2020S2,Greece,Net remuneration in nominal terms / real terms,Nominal value,Euro,1 025.7
2020S2,Greece,Net remuneration in nominal terms / real terms,Nominal value,Purchasing power standard (PPS),1 296.8
2020S2,Spain,Net remuneration in nominal terms / real terms,Nominal value,Euro,2 867.3
2020S2,Spain,Net remuneration in nominal terms / real terms,Nominal value,Purchasing power standard (PPS),3 161.3
2020S2,France,Net remuneration in nominal terms / real terms,Nominal value,Euro,2 420.6
2020S2,France,Net remuneration in nominal terms / real terms,Nominal value,Purchasing power standard (PPS),2 194.5
2020S2,Croatia,Net remuneration in nominal terms / real terms,Nominal value,Euro,1 051.8
2020S2,Croatia,Net remuneration in nominal terms / real terms,Nominal value,Purchasing power standard (PPS),1 575.2
2020S2,Italy,Net remuneration in nominal terms / real terms,Nominal value,Euro,1 789.7
2020S2,Italy,Net remuneration in nominal terms / real terms,Nominal value,Purchasing power standard (PPS),1 860.3
2020S2,Cyprus,Net remuneration in nominal terms / real terms,Nominal value,Euro,2 372.9
2020S2,Cyprus,Net remuneration in nominal terms / real terms,Nominal value,Purchasing power standard (PPS),2 922.3
2020S2,Latvia,Net remuneration in nominal terms / real terms,Nominal value,Euro,1 219.9
2020S2,Latvia,Net remuneration in nominal terms / real terms,Nominal value,Purchasing power standard (PPS),1 687.2
2020S2,Lithuania,Net remuneration in nominal terms / real terms,Nominal value,Euro,1 305.7
2020S2,Lithuania,Net remuneration in nominal terms / real terms,Nominal value,Purchasing power standard (PPS),1 900.5
2020S2,Luxembourg,Net remuneration in nominal terms / real terms,Nominal value,Euro,5 776.2
2020S2,Luxembourg,Net remuneration in nominal terms / real terms,Nominal value,Purchasing power standard (PPS),4 882.7
2020S2,Hungary,Net remuneration in nominal terms / real terms,Nominal value,Euro,1 027.3
2020S2,Hungary,Net remuneration in nominal terms / real terms,Nominal value,Purchasing power standard (PPS),1 713.6
2020S2,Malta,Net remuneration in nominal terms / real terms,Nominal value,Euro,1 429.6
2020S2,Malta,Net remuneration in nominal terms / real terms,Nominal value,Purchasing power standard (PPS),1 460.2
2020S2,Netherlands,Net remuneration in nominal terms / real terms,Nominal value,Euro,2 872.8
2020S2,Netherlands,Net remuneration in nominal terms / real terms,Nominal value,Purchasing power standard (PPS),2 574.2
2020S2,Austria,Net remuneration in nominal terms / real terms,Nominal value,Euro,2 987.8
2020S2,Austria,Net remuneration in nominal terms / real terms,Nominal value,Purchasing power standard (PPS),2 718.6
2020S2,Poland,Net remuneration in nominal terms / real terms,Nominal value,Euro,1 009.0
2020S2,Poland,Net remuneration in nominal terms / real terms,Nominal value,Purchasing power standard (PPS),1 652.6
2020S2,Portugal,Net remuneration in nominal terms / real terms,Nominal value,Euro,1 585.7
2020S2,Portugal,Net remuneration in nominal terms / real terms,Nominal value,Purchasing power standard (PPS),1 818.5
2020S2,Romania,Net remuneration in nominal terms / real terms,Nominal value,Euro,362.20
2020S2,Romania,Net remuneration in nominal terms / real terms,Nominal value,Purchasing power standard (PPS),635.00
2020S2,Slovenia,Net remuneration in nominal terms / real terms,Nominal value,Euro,1 708.3
2020S2,Slovenia,Net remuneration in nominal terms / real terms,Nominal value,Purchasing power standard (PPS),2 078.3
2020S2,Slovakia,Net remuneration in nominal terms / real terms,Nominal value,Euro,1 699.3
2020S2,Slovakia,Net remuneration in nominal terms / real terms,Nominal value,Purchasing power standard (PPS),2 287.1
2020S2,Finland,Net remuneration in nominal terms / real terms,Nominal value,Euro,3 537.6
2020S2,Finland,Net remuneration in nominal terms / real terms,Nominal value,Purchasing power standard (PPS),2 940.6
2020S2,Sweden,Net remuneration in nominal terms / real terms,Nominal value,Euro,2 930.1
2020S2,Sweden,Net remuneration in nominal terms / real terms,Nominal value,Purchasing power standard (PPS),2 588.7
2020S2,United Kingdom,Net remuneration in nominal terms / real terms,Nominal value,Euro,2 434.6
2020S2,United Kingdom,Net remuneration in nominal terms / real terms,Nominal value,Purchasing power standard (PPS),2 042.7
2021S2,Belgium,Net remuneration in nominal terms / real terms,Nominal value,Euro,2 935.0
2021S2,Belgium,Net remuneration in nominal terms / real terms,Nominal value,Purchasing power standard (PPS),2 935.0
2021S2,Bulgaria,Net remuneration in nominal terms / real terms,Nominal value,Euro,940.00
2021S2,Bulgaria,Net remuneration in nominal terms / real terms,Nominal value,Purchasing power standard (PPS),1 523.0
2021S2,Czechia,Net remuneration in nominal terms / real terms,Nominal value,Euro,2 018.0
2021S2,Czechia,Net remuneration in nominal terms / real terms,Nominal value,Purchasing power standard (PPS),2 292.0
2021S2,Denmark,Net remuneration in nominal terms / real terms,Nominal value,Euro,3 816.0
2021S2,Denmark,Net remuneration in nominal terms / real terms,Nominal value,Purchasing power standard (PPS),2 842.0
2021S2,Germany,Net remuneration in nominal terms / real terms,Nominal value,Euro,4 758.0
2021S2,Germany,Net remuneration in nominal terms / real terms,Nominal value,Purchasing power standard (PPS),4 691.0
2021S2,Estonia,Net remuneration in nominal terms / real terms,Nominal value,Euro,2 800.0
2021S2,Estonia,Net remuneration in nominal terms / real terms,Nominal value,Purchasing power standard (PPS),3 246.0
2021S2,Ireland,Net remuneration in nominal terms / real terms,Nominal value,Euro,2 908.0
2021S2,Ireland,Net remuneration in nominal terms / real terms,Nominal value,Purchasing power standard (PPS),2 176.0
2021S2,Greece,Net remuneration in nominal terms / real terms,Nominal value,Euro,1 033.0
2021S2,Greece,Net remuneration in nominal terms / real terms,Nominal value,Purchasing power standard (PPS),1 213.0
2021S2,Spain,Net remuneration in nominal terms / real terms,Nominal value,Euro,2 909.0
2021S2,Spain,Net remuneration in nominal terms / real terms,Nominal value,Purchasing power standard (PPS),3 021.0
2021S2,France,Net remuneration in nominal terms / real terms,Nominal value,Euro,2 464.0
2021S2,France,Net remuneration in nominal terms / real terms,Nominal value,Purchasing power standard (PPS),2 054.0
2021S2,Croatia,Net remuneration in nominal terms / real terms,Nominal value,Euro,1 120.0
2021S2,Croatia,Net remuneration in nominal terms / real terms,Nominal value,Purchasing power standard (PPS),1 430.0
2021S2,Italy,Net remuneration in nominal terms / real terms,Nominal value,Euro,1 799.0
2021S2,Italy,Net remuneration in nominal terms / real terms,Nominal value,Purchasing power standard (PPS),1 889.0
2021S2,Cyprus,Net remuneration in nominal terms / real terms,Nominal value,Euro,2 327.0
2021S2,Cyprus,Net remuneration in nominal terms / real terms,Nominal value,Purchasing power standard (PPS),2 832.0
2021S2,Latvia,Net remuneration in nominal terms / real terms,Nominal value,Euro,1 271.0
2021S2,Latvia,Net remuneration in nominal terms / real terms,Nominal value,Purchasing power standard (PPS),1 589.0
2021S2,Lithuania,Net remuneration in nominal terms / real terms,Nominal value,Euro,1 365.0
2021S2,Lithuania,Net remuneration in nominal terms / real terms,Nominal value,Purchasing power standard (PPS),1 704.0
2021S2,Luxembourg,Net remuneration in nominal terms / real terms,Nominal value,Euro,5 661.0
2021S2,Luxembourg,Net remuneration in nominal terms / real terms,Nominal value,Purchasing power standard (PPS),5 661.0
2021S2,Hungary,Net remuneration in nominal terms / real terms,Nominal value,Euro,1 117.0
2021S2,Hungary,Net remuneration in nominal terms / real terms,Nominal value,Purchasing power standard (PPS),1 469.0
2021S2,Malta,Net remuneration in nominal terms / real terms,Nominal value,Euro,1 510.0
2021S2,Malta,Net remuneration in nominal terms / real terms,Nominal value,Purchasing power standard (PPS),1 606.0
2021S2,Netherlands,Net remuneration in nominal terms / real terms,Nominal value,Euro,2 927.0
2021S2,Netherlands,Net remuneration in nominal terms / real terms,Nominal value,Purchasing power standard (PPS),2 627.0
2021S2,Austria,Net remuneration in nominal terms / real terms,Nominal value,Euro,3 274.0
2021S2,Austria,Net remuneration in nominal terms / real terms,Nominal value,Purchasing power standard (PPS),2 989.0
2021S2,Poland,Net remuneration in nominal terms / real terms,Nominal value,Euro,1 083.0
2021S2,Poland,Net remuneration in nominal terms / real terms,Nominal value,Purchasing power standard (PPS),1 535.0
2021S2,Portugal,Net remuneration in nominal terms / real terms,Nominal value,Euro,1 601.0
2021S2,Portugal,Net remuneration in nominal terms / real terms,Nominal value,Purchasing power standard (PPS),1 752.0
2021S2,Romania,Net remuneration in nominal terms / real terms,Nominal value,Euro,907.00
2021S2,Romania,Net remuneration in nominal terms / real terms,Nominal value,Purchasing power standard (PPS),1 324.0
2021S2,Slovenia,Net remuneration in nominal terms / real terms,Nominal value,Euro,1 726.0
2021S2,Slovenia,Net remuneration in nominal terms / real terms,Nominal value,Purchasing power standard (PPS),2 034.0
2021S2,Slovakia,Net remuneration in nominal terms / real terms,Nominal value,Euro,1 850.0
2021S2,Slovakia,Net remuneration in nominal terms / real terms,Nominal value,Purchasing power standard (PPS),2 316.0
2021S2,Finland,Net remuneration in nominal terms / real terms,Nominal value,Euro,3 665.0
2021S2,Finland,Net remuneration in nominal terms / real terms,Nominal value,Purchasing power standard (PPS),3 091.0
2021S2,Sweden,Net remuneration in nominal terms / real terms,Nominal value,Euro,3 080.0
2021S2,Sweden,Net remuneration in nominal terms / real terms,Nominal value,Purchasing power standard (PPS),2 364.0
2021S2,United Kingdom,Net remuneration in nominal terms / real terms,Nominal value,Euro,
2021S2,United Kingdom,Net remuneration in nominal terms / real terms,Nominal value,Purchasing power standard (PPS),